{"cameraMode":{"drawMode":0,"name":"Shaded","section":"Shading Mode"},"sceneLighting":true,"audioPlay":false,"sceneViewState":{"m_AlwaysRefresh":false,"showFog":true,"showSkybox":true,"showFlares":true,"showImageEffects":true,"showParticleSystems":true,"showVisualEffectGraphs":true,"m_FxEnabled":true},"in2DMode":false,"pivot":{"x":17.364362716674806,"y":-59.78217315673828,"z":-14.505746841430664},"rotation":{"x":-0.48789358139038088,"y":-0.40159493684768679,"z":0.26964959502220156,"w":-0.7266206741333008},"size":61.592926025390628,"orthographic":false}