{"cameraMode":{"drawMode":0,"name":"Shaded","section":"Shading Mode"},"sceneLighting":true,"audioPlay":false,"sceneViewState":{"m_AlwaysRefresh":false,"showFog":true,"showSkybox":true,"showFlares":true,"showImageEffects":true,"showParticleSystems":true,"showVisualEffectGraphs":true,"m_FxEnabled":true},"in2DMode":false,"pivot":{"x":11.608901977539063,"y":7.992862701416016,"z":-18.209856033325197},"rotation":{"x":-0.19221149384975434,"y":0.5851179957389832,"z":-0.14524291455745698,"w":-0.7743401527404785},"size":40.241905212402347,"orthographic":false}