{"cameraMode":{"drawMode":0,"name":"Shaded","section":"Shading Mode"},"sceneLighting":false,"audioPlay":false,"sceneViewState":{"m_AlwaysRefresh":false,"showFog":true,"showSkybox":true,"showFlares":true,"showImageEffects":true,"showParticleSystems":true,"showVisualEffectGraphs":true,"m_FxEnabled":true},"in2DMode":false,"pivot":{"x":1.3818094730377198,"y":4.3242058753967289,"z":1.2298822402954102},"rotation":{"x":-0.007683860138058662,"y":-0.17843903601169587,"z":0.00139422167558223,"w":-0.9839285016059876},"size":3.5660250186920168,"orthographic":false}